<?xml version="1.0" encoding="UTF-8"?>
<project-private xmlns="http://www.netbeans.org/ns/project-private/1">
    <editor-bookmarks xmlns="http://www.netbeans.org/ns/editor-bookmarks/2" lastBookmarkId="0"/>
    <open-files xmlns="http://www.netbeans.org/ns/projectui-open-files/2">
        <group>
            <file>file:/C:/Users/Juan%20Ariza/Documents/NetBeansProjects/AbpProgramacion/src/co/edu/unisinu/abpVentana/dialogoContra.java</file>
            <file>file:/C:/Users/Juan%20Ariza/Documents/NetBeansProjects/AbpProgramacion/src/co/edu/unisinu/abpVentana/VentanaMostrar.java</file>
            <file>file:/C:/Users/Juan%20Ariza/Documents/NetBeansProjects/AbpProgramacion/src/co/edu/unisinu/procesos/Articulos.java</file>
            <file>file:/C:/Users/Juan%20Ariza/Documents/NetBeansProjects/AbpProgramacion/src/co/edu/unisinu/abpVentana/VentanaAbp.java</file>
            <file>file:/C:/Users/Juan%20Ariza/Documents/NetBeansProjects/AbpProgramacion/src/co/edu/unisinu/abpVentana/Usuario.java</file>
        </group>
    </open-files>
</project-private>
